Loan Purpose,Default Rate (%)
DEBTCONSOLIDATION,30.27291812456263
MEDICAL,27.832397003745317
HOMEIMPROVEMENT,26.30148442400167
PERSONAL,20.14569536423841
EDUCATION,16.95989509343241
VENTURE,14.433781190019193
